prompt,response,aspect,definition
Write a <b>flowery</b> passage about sunsets:,"As the sun slowly sinks below the horizon, the sky takes on a different hue – from pink to orange, to red and finally to black. The sky is so alive with color and beauty that it's hard to believe that the sun is setting at all.",Writing Style,"flowery writing style: Flowery writing is filled with beautiful, poetic language. It often uses metaphors and similes to describe things in a creative, descriptive way."
Write a <b>flowery</b> passage about sunsets:,"The sun slowly sinks behind the horizon, painting the sky in different colors as it goes. The colors are so vibrant and beautiful that it's hard to look away. The sky seems to be on fire, and the entire world seems so peaceful and calm.",Writing Style,"flowery writing style: Flowery writing is filled with beautiful, poetic language. It often uses metaphors and similes to describe things in a creative, descriptive way."
Write a <b>flowery</b> passage about sunsets:,"The sun sets, and in its place, a new day begins. The sky is a beautiful orange and pink, and the horizon is a beautiful line of blue. The sun is a beautiful red, and the stars are a beautiful light in the sky.",Writing Style,"flowery writing style: Flowery writing is filled with beautiful, poetic language. It often uses metaphors and similes to describe things in a creative, descriptive way."
Write a <b>flowery</b> passage about sunsets:,"The sunsets always remind me of the beauty of life. They are a reminder that even though things may be tough at times, there is still beauty to be found. I love to watch the sun set, and it always leaves me feeling happy and content.",Writing Style,"flowery writing style: Flowery writing is filled with beautiful, poetic language. It often uses metaphors and similes to describe things in a creative, descriptive way."
Write a <b>flowery</b> passage about sunsets:,"The sunsets always remind me of a warm hug from my mother. I can't help but to sit and watch them for hours, taking in every detail. The colors are so vibrant and the sky is so clear. It's like a painting, and it always makes me feel happy.",Writing Style,"flowery writing style: Flowery writing is filled with beautiful, poetic language. It often uses metaphors and similes to describe things in a creative, descriptive way."
Write a <b>flowery</b> passage about sunsets:,"As the sun sets, the sky takes on a new hue, one that is often described as lavender or pink. The colors are created by the different types of light that reach the ground. The red and orange light that is visible to the human eye is called the visible spectrum. The other part of the light spectrum that is seen is called the ultraviolet spectrum. Ultraviolet light is responsible for creating the colors we see in the sky during a sunset.",Writing Style,"flowery writing style: Flowery writing is filled with beautiful, poetic language. It often uses metaphors and similes to describe things in a creative, descriptive way."
Write a <b>flowery</b> passage about sunsets:,"The sun was setting behind the trees, casting a beautiful orange and pink glow in the sky. The horizon was a beautiful mix of red and orange, and the sky was so clear and blue. It was such a beautiful sight, and I loved watching it every time.",Writing Style,"flowery writing style: Flowery writing is filled with beautiful, poetic language. It often uses metaphors and similes to describe things in a creative, descriptive way."
Write a <b>flowery</b> passage about sunsets:,"The sunsets are always so beautiful, especially when the sky is clear and the colors are so vivid. I love to watch the sun dip below the horizon, and the colors it paints on the sky. It's such a peaceful moment, and I can't help but feel happy every time it happens.",Writing Style,"flowery writing style: Flowery writing is filled with beautiful, poetic language. It often uses metaphors and similes to describe things in a creative, descriptive way."
Write a <b>flowery</b> passage about sunsets:,"The sun dips below the horizon,<br>leaving the sky in a deep,<br>orange hue.<br>The sky is so vast and blue,<br>it's hard to believe that<br>just a few hours ago,<br>the sun was shining.<br>The stars peek out,<br>bright and twinkling,<br>and the moon rises,<br>a pale, silver light.<br>It's a beautiful sight,<br>and it's only going to get better.",Writing Style,"flowery writing style: Flowery writing is filled with beautiful, poetic language. It often uses metaphors and similes to describe things in a creative, descriptive way."
Write a <b>flowery</b> passage about sunsets:,The sunsets are so beautiful. The sky is so red and orange and the horizon is so blue. It's like the world is just ending and everything is perfect.,Writing Style,"flowery writing style: Flowery writing is filled with beautiful, poetic language. It often uses metaphors and similes to describe things in a creative, descriptive way."
Write a <b>humorous</b> passage about love:,"Love is a heart-warming feeling that one experiences when they fall in love with someone. It is an emotion that is often mistaken for a feeling of happiness, love, and affection. However, love is not simply an emotion that one experiences. It is a decision that one makes to put their own happiness and well-being above all else.",Tone,"humorous tone: A humorous tone is a light, playful, and funny."
Write a <b>humorous</b> passage about love:,"Love is the most beautiful thing in the world. It can make you feel happy and content, or it can make you feel absolutely miserable. It can make you feel loved and cherished, or it can make you feel like you're the only person in the world who matters. It can make you feel excited and happy, or it can make you feel completely lost and confused. But no matter what love does to you, it's always worth it.",Tone,"humorous tone: A humorous tone is a light, playful, and funny."
Write a <b>humorous</b> passage about love:,<br><br>Love is a funny thing. You can't just give it to somebody. They have to want it too.,Tone,"humorous tone: A humorous tone is a light, playful, and funny."
Write a <b>humorous</b> passage about love:,"Love is a powerful force that can change everything. It can make you feel happy and content, or it can make you feel completely hopeless and helpless. It can make you feel loved and appreciated, or it can make you feel like you don't even exist. It can make you feel happy and excited, or it can make you feel scared and alone. But no matter what love does to you, it always feels amazing.",Tone,"humorous tone: A humorous tone is a light, playful, and funny."
Write a <b>humorous</b> passage about love:,Love is like a hurricane. It can sweep you away and leave you feeling breathless and exhilarated. It can also leave you feeling devastated and heartbroken.,Tone,"humorous tone: A humorous tone is a light, playful, and funny."
Write a <b>humorous</b> passage about love:,"Love is like a hurricane. It can destroy everything in its path, but it can also bring happiness and new beginnings.",Tone,"humorous tone: A humorous tone is a light, playful, and funny."
Write a <b>humorous</b> passage about love:,"Love is such a beautiful thing. It's like a drug, you can't help but crave it. And when you finally find it, you can't live without it.",Tone,"humorous tone: A humorous tone is a light, playful, and funny."
Write a <b>humorous</b> passage about love:,Love is a four letter word that is full of mystery. It is a feeling that we can't put into words and it is something that we can't explain. It is a feeling that we can't control and it is something that we can't measure.,Tone,"humorous tone: A humorous tone is a light, playful, and funny."
Write a <b>humorous</b> passage about love:,"""Love is like a rose, it needs to be watered every day or it wilts away.""",Tone,"humorous tone: A humorous tone is a light, playful, and funny."
Write a <b>humorous</b> passage about love:,Love is a beautiful thing. It is the strongest force in the world and it can change everything.,Tone,"humorous tone: A humorous tone is a light, playful, and funny."
Write a passage about love that makes the reader feel <b>fearful</b>:,"Love is one of the most beautiful things in the world, and it's also one of the most frightening. There's a sense of vulnerability when you're in love, and you can never be sure if the person you're with will stay by your side. Love can be a source of comfort and joy, but it can also be a source of pain and heartache.",Mood,fearful mood: A piece of writing with a fearful mood makes the reader feel fearful.
Write a passage about love that makes the reader feel <b>fearful</b>:,"Love is a beautiful thing. It's what makes us feel alive, makes us feel happy. But love can also be a terrifying thing. It can make us feel vulnerable, and it can make us feel scared. Love can make us feel like we're not strong enough, like we're not capable of handling everything. But love is also what makes us feel strongest. It's what makes us feel capable of doing anything. And even though love can be scary, it's worth it.",Mood,fearful mood: A piece of writing with a fearful mood makes the reader feel fearful.
Write a passage about love that makes the reader feel <b>fearful</b>:,"Love is not a feeling you get, it's a decision you make.<br><br>Love is giving someone your everything, even when they don't deserve it.<br><br>Love is trusting someone with your heart and your life, and knowing that they will never let you down.<br><br>Love is a forever commitment, and when it's real it's the best thing in the world.",Mood,fearful mood: A piece of writing with a fearful mood makes the reader feel fearful.
Write a passage about love that makes the reader feel <b>fearful</b>:,"Love is a beautiful thing, isn't it? It can make you feel so happy and excited, but it can also be scary. It can make you feel like everything is possible and that you can't wait to see what the future holds. But love can also make you feel afraid, especially if you're not sure what you're getting yourself into.",Mood,fearful mood: A piece of writing with a fearful mood makes the reader feel fearful.
Write a passage about love that makes the reader feel <b>fearful</b>:,"Love is the most powerful force in the world. It can make you do things you never thought possible, and it can make you feel things you never thought possible. It can make you feel so alive, and so connected to the world. But love can also be the most dangerous thing in the world. It can make you do things you never thought possible, and it can make you feel things you never thought possible. It can make you feel so alive, and so connected to the world. But love can also be the most dangerous thing in the world.",Mood,fearful mood: A piece of writing with a fearful mood makes the reader feel fearful.
Write a passage about love that makes the reader feel <b>fearful</b>:,"Love is a powerful thing. It can make you feel happy, confident, and loved. But it can also make you feel scared and vulnerable. Love can make you feel like you're the only person that matters in the world. But it can also make you feel like you're alone and unprotected. Love can be a dangerous thing.",Mood,fearful mood: A piece of writing with a fearful mood makes the reader feel fearful.
Write a passage about love that makes the reader feel <b>fearful</b>:,"Love is a feeling that is often portrayed as a happy one, but it can also be a very scary and dangerous thing. Love can make people do things that they wouldn't normally do, and it can make them do things that they might not even want to do. It can be a very powerful thing, and it can be a very dangerous thing, too.",Mood,fearful mood: A piece of writing with a fearful mood makes the reader feel fearful.
Write a passage about love that makes the reader feel <b>fearful</b>:,"I love you because you make me feel safe and loved. You're my rock, and I can't imagine my life without you. I know we've had our ups and downs, and I'm not always perfect, but I promise to always be here for you. I don't know what I would do without you.",Mood,fearful mood: A piece of writing with a fearful mood makes the reader feel fearful.
Write a passage about love that makes the reader feel <b>fearful</b>:,"Love is the most powerful force in the world. It can make you do the impossible, and it can heal the deepest wounds. But love can also be the most frightening thing in the world. It can make you feel vulnerable, and it can take everything you have.",Mood,fearful mood: A piece of writing with a fearful mood makes the reader feel fearful.
Write a story about lovers with <b>indirect</b> characterization:,"Once upon a time there were two lovers who loved each other very much, but they could not directly say how they felt to one another. They would communicate through indirect means, such as writing each other love poems or sending each other heart-felt messages. Even though they were not able to say how they felt directly to each other, they knew that they loved each other deeply and that their love was true.",Characterization,"indirect characterization: Indirect characterization is the process of describing a character through that character's thoughts, actions, speech, and dialogue."
Write a story about lovers with <b>indirect</b> characterization:,"Linda and John had been dating for a few months, and they were both very excited to finally be in a relationship. They were always on the go, and they loved spending time together. Linda had always been attracted to John, but she was never sure if he had felt the same way.<br><br>One day, they were out at a cafe, and John told Linda that he had feelings for her. Linda was taken aback, but she told him that she felt the same way. They kissed, and Linda felt like she was finally in the right relationship.",Characterization,"indirect characterization: Indirect characterization is the process of describing a character through that character's thoughts, actions, speech, and dialogue."
Write a story about lovers with <b>indirect</b> characterization:,"Alice and Bob were madly in love with each other, but they didn't want to tell anyone because they were afraid they'd get hurt. They would sneak around and kiss in the shadows, but they never dared tell each other how they felt. One day, they were in a park, and they finally had the courage to tell each other how they felt. They embraced and kissed, and they knew that they would never be able to go back to living without each other.",Characterization,"indirect characterization: Indirect characterization is the process of describing a character through that character's thoughts, actions, speech, and dialogue."
Write a story about lovers with <b>indirect</b> characterization:,"Once upon a time, there were two lovers who loved each other very much. However, because they were indirect with each other, they didn't always feel the same way when they were around each other. Sometimes they felt happy and content, and other times they felt tense and anxious. Nevertheless, they always managed to find a way to make it work.",Characterization,"indirect characterization: Indirect characterization is the process of describing a character through that character's thoughts, actions, speech, and dialogue."
Write a <b>fast-paced</b> story about lovers:,"The lovers drove to the park, the sun setting behind them in a fiery ball of red and orange. The man in the passenger seat turned to look at the woman in the driver's seat. She smiled back at him, her eyes shining brightly in the setting sun. They reached the park, and the lovers got out of the car. They walked hand-in-hand to the swings, swinging back and forth. The man looked at the woman, and she looked back at him. They smiled at each other, and the man leaned in to kiss her.",Pacing,"fast-paced pacing: A fast-paced story moves quickly. The action in a fast-paced story is usually non-stop, and there is little time for character development or description."
"Write a story about lovers with a <b>""Tragedy""</b> plot:","It was a beautiful day, and the two lovers were out walking hand in hand. They were happy and in love, and they had everything they ever wanted. But then something happened that changed everything. The loved one suddenly died, leaving the other all alone in the world. The tragedy forced the survivor to start living in a different way, and the love they once had went out of the window. They no longer had the energy to enjoy life, and they were both quickly getting tired. But even though their relationship had ended, the memory of their love still lingered on.",Plot,"""Tragedy"" plot: A ""Tragedy"" plot is a story in which the main character suffers from a major downfall. This can be caused by various factors such as pride, fate, or human error."
"Write a story about lovers with a <b>""Tragedy""</b> plot:","The two lovers had been together for years, and they were very happy. But one day, the woman discovered that her husband was having an affair with another woman. She was devastated and could not believe what had happened. She tried to move on, but it was impossible. The woman eventually died from a broken heart.",Plot,"""Tragedy"" plot: A ""Tragedy"" plot is a story in which the main character suffers from a major downfall. This can be caused by various factors such as pride, fate, or human error."
"Write a story about lovers with a <b>""Tragedy""</b> plot:","Two lovers, mad with love and passion, were doomed from the start. Their love was forbidden and they were forced to keep it a secret. Eventually, one of them was caught and punished. Their love was cut off and they were left to mourn the loss of each other.",Plot,"""Tragedy"" plot: A ""Tragedy"" plot is a story in which the main character suffers from a major downfall. This can be caused by various factors such as pride, fate, or human error."
Write a <b>historical fiction</b> story about lovers:,"In the time before the Great War, there was a young couple in love. They had the world at their feet, and nothing could tear them apart. But then the war came, and everything changed. The young man was drafted into the army, and never came back. The girl was left alone, with nothing but memories and a broken heart. Years passed, and she eventually married someone else. But even though she's happy, she can't help but wonder what might have been if her true love had still been alive.",Genre,"historical fiction genre: Historical fiction is a genre where the plot takes place in a setting related to the past events, but is fictional."
Write a <b>flowery</b> passage about sunsets:,Sunsets are one of the most beautiful things in nature. The colors are so vibrant and it's a time to relax and enjoy the moment. The sky is so beautiful at this time of day and it's a great way to end the day.,Writing Style,"flowery writing style: Flowery writing is filled with beautiful, poetic language. It often uses metaphors and similes to describe things in a creative, descriptive way."
Write a <b>flowery</b> passage about sunsets:,"Sunsets are one of the most beautiful things in nature. The way the sun slowly dip below the horizon, painting the sky in a spectrum of oranges, pinks and purples is truly a sight to behold. There is something about the peace and tranquility of a sunset that is simply incomparable. Watching the sun set is the perfect way to end a busy day and relax into the evening.",Writing Style,"flowery writing style: Flowery writing is filled with beautiful, poetic language. It often uses metaphors and similes to describe things in a creative, descriptive way."
Write a <b>flowery</b> passage about sunsets:,"There's something about a sunset that just fills you with wonder. As the sun slowly dips below the horizon, the sky is set ablaze in a spectrum of oranges, pinks and purples. It's a sight that never fails to take your breath away. Just standing there and watching the world around you change before your eyes is an experience unlike any other. Sunsets are a reminder that even on the darkest of days, there's always something beautiful to look forward to.",Writing Style,"flowery writing style: Flowery writing is filled with beautiful, poetic language. It often uses metaphors and similes to describe things in a creative, descriptive way."
Write a <b>flowery</b> passage about sunsets:,"The sun slowly sinks down behind the horizon, casting a beautiful orange glow in the sky. The waves crash against the shore, and the cool breeze blows through the trees. The world seems to be at peace as the day comes to an end.",Writing Style,"flowery writing style: Flowery writing is filled with beautiful, poetic language. It often uses metaphors and similes to describe things in a creative, descriptive way."
Write a <b>flowery</b> passage about sunsets:,"Sunsets are one of the most beautiful things in nature. The way the colors blend together in the sky is simply magical. Watching the sun slowly dip below the horizon is a moment that always takes your breath away. The sky is set ablaze with hues of orange and red, creating a scene that is truly unforgettable. Sitting back and watching the sunset is the perfect way to relax and unwind after a long day.",Writing Style,"flowery writing style: Flowery writing is filled with beautiful, poetic language. It often uses metaphors and similes to describe things in a creative, descriptive way."
Write a <b>flowery</b> passage about sunsets:,"Sunsets are one of the most beautiful things in nature. The colors are incredible, and the way the sun sets behind the mountains is simply amazing. Watching the sun set is a great way to relax and take in the beauty of nature.",Writing Style,"flowery writing style: Flowery writing is filled with beautiful, poetic language. It often uses metaphors and similes to describe things in a creative, descriptive way."
Write a <b>flowery</b> passage about sunsets:,The colors of the sunset are always so beautiful. The sky is so red and orange and the sun is so big and bright. It's so amazing to watch the sunset and see the colors change.,Writing Style,"flowery writing style: Flowery writing is filled with beautiful, poetic language. It often uses metaphors and similes to describe things in a creative, descriptive way."
Write a <b>flowery</b> passage about sunsets:,"The colors of the sky change as the sun slowly dips below the horizon. The orange and red hues are so beautiful as they reflect off of the water. The sound of the waves crashing against the shore is soothing and calming. It's the perfect time to sit back and relax, and just enjoy the moment.",Writing Style,"flowery writing style: Flowery writing is filled with beautiful, poetic language. It often uses metaphors and similes to describe things in a creative, descriptive way."
Write a <b>flowery</b> passage about sunsets:,"The sun dips below the horizon, casting a warm, orange glow in the sky. The birds fly home to their nests and the animals return to their dens. The last few rays of sunlight sparkle off the waves of the ocean. The world is bathed in a beautiful, calming light.",Writing Style,"flowery writing style: Flowery writing is filled with beautiful, poetic language. It often uses metaphors and similes to describe things in a creative, descriptive way."
Write a <b>humorous</b> passage about love:,"<br>Love is a many splendored thing. It's also a pain in the ass. It can make you happy and it can make you angry. It can make you blissfully content or it can make you want to tear your hair out. It's confusing and frustrating and it can drive you crazy. But, despite all of that, we keep coming back for more. Why? Because love is also the most amazing feeling in the world.",Tone,"humorous tone: A humorous tone is a light, playful, and funny."
Write a <b>humorous</b> passage about love:,"Love is a Dragon Without a Tail<br><br>It can be hard to find,<br><br>And when you do,<br><br>You're never quite sure<br><br>If it's worth the risk.<br><br>Is it worth your time?<br><br>Is it worth your soul?<br><br>Love is a dragon without a tail,<br><br>And it can be hard to catch.",Tone,"humorous tone: A humorous tone is a light, playful, and funny."
Write a <b>humorous</b> passage about love:,"Love is a beautiful thing, but it's not always easy. Sometimes love can be hard work. But it's worth it, because love is the best thing in the world.<br><br>Without love, life would be empty and meaningless. So if you're feeling down, remember that love is out there waiting for you. And when you find it, it will be the best thing that has ever happened to you.",Tone,"humorous tone: A humorous tone is a light, playful, and funny."
Write a <b>humorous</b> passage about love:,"Love is often described as a feeling of strong affection and strong passion in a relationship. However, love is not always butterflies and rainbows. It can be frustrating, difficult, and even down right messy. But, that's what makes love so special. It's being willing to go through the good and the bad with someone, because you know that, in the end, it will all be worth it.",Tone,"humorous tone: A humorous tone is a light, playful, and funny."
Write a <b>humorous</b> passage about love:,"Love is a many splendored thing, but it can also be a bit of a pain in the neck. No matter how much you love someone, there are always going to be moments when they drive you absolutely crazy.<br><br>But that's all part of the fun, right? If we didn't have those little moments of frustration, we would never truly appreciate the good times. So when your partner drives you up the wall, just remember that you wouldn't have it any other way!",Tone,"humorous tone: A humorous tone is a light, playful, and funny."
Write a <b>humorous</b> passage about love:,"There are few things in life more wonderful than love. It can make you feel like you're on top of the world, and there's nothing you can't do. It's the best feeling in the world, and it's worth fighting for.<br><br>But love isn't always easy. It can be confusing, and it can sometimes be frustrating. But it's always worth it, because in the end, love is the most powerful force in the universe.",Tone,"humorous tone: A humorous tone is a light, playful, and funny."
Write a passage about love that makes the reader feel <b>fearful</b>:,Love is something that should be feared. It's something that can takeover your life and make you do things you never thought you would do. It's something that can make you lose yourself and become someone you never wanted to be. Love is something that can destroy you.,Mood,fearful mood: A piece of writing with a fearful mood makes the reader feel fearful.
Write a passage about love that makes the reader feel <b>fearful</b>:,Love is a scary thing. It's something that can take over your life and make you do things you never thought you would do. It can make you irrational and careless. It's something that can make you feel like you're losing yourself.,Mood,fearful mood: A piece of writing with a fearful mood makes the reader feel fearful.
Write a passage about love that makes the reader feel <b>fearful</b>:,"Love can be a powerful emotion that can make people do things they never thought possible. It can make people feel like they are on top of the world, but it can also make people feel scared and alone. When you love someone, you are giving them the power to hurt you. You are trusting them with your heart and your life, and if they decide to hurt you, it will be very difficult to recover.",Mood,fearful mood: A piece of writing with a fearful mood makes the reader feel fearful.
Write a passage about love that makes the reader feel <b>fearful</b>:,"Love is a powerful emotion that can make us feel happy, content, and fills us with hope. However, love can also be a source of great fear. When we love someone, we open ourselves up to the possibility of being hurt. We may fear rejection, or that our love will not be reciprocated. We may even fear that we will be unable to handle the intensity of our love. While love is often associated with positive emotions, it is important to remember that it can also be a source of fear.",Mood,fearful mood: A piece of writing with a fearful mood makes the reader feel fearful.
Write a passage about love that makes the reader feel <b>fearful</b>:,"Love is an all-consuming passion that can leave you feeling vulnerable and exposed. It can be terrifying to love someone so deeply, knowing that they have the power to hurt you so deeply. When you love someone, you are opening yourself up to them completely, and that can be a scary thing.",Mood,fearful mood: A piece of writing with a fearful mood makes the reader feel fearful.
Write a passage about love that makes the reader feel <b>fearful</b>:,"Love is a double-edged sword. It can fill us with hope and happiness, or it can plunge us into despair. At its best, love is a passionate, all-consuming fire. At its worst, it is a cold, dark abyss. We never know which it will be until we fall. And when we do fall, we fall hard. There is no middle ground with love. We either soar on its wings or we crash and burn.",Mood,fearful mood: A piece of writing with a fearful mood makes the reader feel fearful.
Write a passage about love that makes the reader feel <b>fearful</b>:,"Love is the most dangerous emotion. It can make you do things you never thought you were capable of. It can make you believe things that aren't true. It can make you willing to sacrifice everything for the person you love, even if that means sacrificing your own life.",Mood,fearful mood: A piece of writing with a fearful mood makes the reader feel fearful.
Write a passage about love that makes the reader feel <b>fearful</b>:,"Love is one of the most dangerous things in the world. It can make you do things that you never thought you were capable of and it can make you believe things that aren't true. It's like a drug that can take over your life and ruin everything that you've built up. Be careful with love, because it's not always what it seems.",Mood,fearful mood: A piece of writing with a fearful mood makes the reader feel fearful.
Write a passage about love that makes the reader feel <b>fearful</b>:,"I have never been in love before, but I think I might be now. I'm not sure what to do or how to act. I'm scared that I'll do something wrong and ruin everything. I don't want to screw this up.",Mood,fearful mood: A piece of writing with a fearful mood makes the reader feel fearful.
Write a <b>fast-paced</b> story about lovers:,"Romeo and Juliet meet secretly in the moonlight, their love forbidden by their warring families. As they pledge their hearts to each other, they know that they must keep their relationship a secret.<br><br>But alas, their love is discovered and Romeo is banished. Juliet is heartbroken, but her resolve is firm – she will not marry anyone but Romeo.<br><br>In a desperate attempt to be reunited, Juliet takes her own life. Romeo, learning of her death, kills himself.<br><br>And so the star-crossed lovers are finally united in death.",Pacing,"fast-paced pacing: A fast-paced story moves quickly. The action in a fast-paced story is usually non-stop, and there is little time for character development or description."
Write a <b>fast-paced</b> story about lovers:,"Romeo and Juliet are lovers who are torn apart by their families' vendetta. Despite the odds, they find a way to be together, but their happiness is short-lived. Romeo is banished from the city and Juliet is forced to marry another man. A desperate Juliet takes her own life, and Romeo, learning of her death, does the same.",Pacing,"fast-paced pacing: A fast-paced story moves quickly. The action in a fast-paced story is usually non-stop, and there is little time for character development or description."
Write a <b>fast-paced</b> story about lovers:,"As soon as they met, they knew they were meant to be together. Their love was electric, and they couldn't stay away from each other. They were always exploring new things together and pushing each other to new heights.<br><br>Their love was intense and passionate, and they were always looking for new ways to express it. They were always finding new ways to please each other and themselves. They were always looking for new adventures and new challenges.<br><br>Their love was everything they ever wanted, and they would do anything to keep it.",Pacing,"fast-paced pacing: A fast-paced story moves quickly. The action in a fast-paced story is usually non-stop, and there is little time for character development or description."
Write a <b>fast-paced</b> story about lovers:,"They met by chance at a crowded party. She was gorgeous, and he was instantly drawn to her. They began talking and discovered they had a lot in common. They dance together all night, and when the party was over, they went home together.<br><br>They've been together ever since. They're passionate about each other and can't stand to be apart. They move in together and are always trying new things to keep the spark alive. They're always exploring new places and trying new things in the bedroom.<br><br>They're happy and in love, and nothing can come between them.",Pacing,"fast-paced pacing: A fast-paced story moves quickly. The action in a fast-paced story is usually non-stop, and there is little time for character development or description."
"Write a story about lovers with a <b>""Tragedy""</b> plot:","In the early hours of the morning, two lovers were found dead in a tragic embrace. Investigators believe they were poisoned by a jealous rival.",Plot,"""Tragedy"" plot: A ""Tragedy"" plot is a story in which the main character suffers from a major downfall. This can be caused by various factors such as pride, fate, or human error."
"Write a story about lovers with a <b>""Tragedy""</b> plot:","Lovers Tragedy<br><br>John and Mary had been together for two years when they found out that Mary was pregnant. They were both thrilled and scared about becoming parents, but they were determined to make it work.<br><br>However, shortly after Mary gave birth, John began to suffer from severe postpartum depression. He became withdrawn and began to resent Mary and the baby for taking away his freedom. Finally, one day, he snapped and killed Mary and the baby in a fit of rage.",Plot,"""Tragedy"" plot: A ""Tragedy"" plot is a story in which the main character suffers from a major downfall. This can be caused by various factors such as pride, fate, or human error."
"Write a story about lovers with a <b>""Tragedy""</b> plot:","Though they had been through many challenges together, nothing could prepare them for the tragedy that was to come. It was a cold winter evening when they heard the news that would change their lives forever. Her parents had been in a car accident and they were both gone. In that moment, all the love and happiness they had shared together seemed like a lifetime ago. Though they would never be able to replace what they had lost, they found comfort in each other and vowed to never let anything come between them again.",Plot,"""Tragedy"" plot: A ""Tragedy"" plot is a story in which the main character suffers from a major downfall. This can be caused by various factors such as pride, fate, or human error."
"Write a story about lovers with a <b>""Tragedy""</b> plot:","Though they were young, John and Mary were deeply in love. They had planned to marry as soon as they could, but fate had other plans. Just days before their wedding, John was killed in a car accident. Mary was devastated, and her life was changed forever.",Plot,"""Tragedy"" plot: A ""Tragedy"" plot is a story in which the main character suffers from a major downfall. This can be caused by various factors such as pride, fate, or human error."
Write a <b>historical fiction</b> story about lovers:,"David and Lila have been lovers for years, ever since they met in college. They've been through everything together and their love has only grown stronger.<br><br>But now, in the middle of a pandemic, they're faced with the possibility of being separated. David is a doctor and is working tirelessly to save lives, while Lila is stuck at home, worried and waiting.<br><br>But their love is strong enough to weather any storm. They know that, no matter what, they'll always find their way back to each other.",Genre,"historical fiction genre: Historical fiction is a genre where the plot takes place in a setting related to the past events, but is fictional."
